{
  "$schema": "node_modules/wrangler/config-schema.json",
  "name": "01998d00-d70f-7f88-ac53-128f5c8e4338",
  "main": "./src/worker/index.ts",
  "compatibility_date": "2025-06-17",
  "compatibility_flags": ["nodejs_compat"],
  "observability": {
    "enabled": true
  },
  "upload_source_maps": true,
  "assets": {
    "not_found_handling": "single-page-application"
  },
  "d1_databases": [
    {
      "binding": "DB",
      "database_name": "01998d00-d70f-7f88-ac53-128f5c8e4338",
      "database_id": "01998d00-d70f-7f88-ac53-128f5c8e4338"
    }
  ],
  "r2_buckets": [
    {
      "binding": "R2_BUCKET",
      "bucket_name": "01998d00-d70f-7f88-ac53-128f5c8e4338"
    }
  ]
}
